{
  "name": "AulaYoutube",
  "nodes": [
    {
      "parameters": {
        "options": {},
        "requestOptions": {}
      },
      "id": "78209ff0-27b9-4f03-9248-3053a864cff2",
      "name": "OpenAI Chat Model",
      "type": "@n8n/n8n-nodes-langchain.lmChatOpenAi",
      "typeVersion": 1,
      "position": [
        520,
        500
      ],
      "credentials": {
        "openAiApi": {
          "id": "aHoHywr3JpDJIwTe",
          "name": "OpenAi account"
        }
      }
    },
    {
      "parameters": {
        "updates": [
          "message"
        ],
        "additionalFields": {}
      },
      "id": "58a43553-32b2-4c78-b30b-58f757cbb23a",
      "name": "Telegram Trigger",
      "type": "n8n-nodes-base.telegramTrigger",
      "typeVersion": 1.1,
      "position": [
        220,
        280
      ],
      "webhookId": "7d021841-c66b-4f18-b6fc-aaad14dcc4b1",
      "credentials": {
        "telegramApi": {
          "id": "DZrS2BDEhLZbZWa9",
          "name": "Telegram account"
        }
      }
    },
    {
      "parameters": {
        "agent": "conversationalAgent",
        "promptType": "define",
        "text": "=responda em português e use emojis : {{ $json.message.text }}",
        "options": {}
      },
      "id": "66f44078-a939-4f5c-af73-85bb31d2958e",
      "name": "AI Agent",
      "type": "@n8n/n8n-nodes-langchain.agent",
      "typeVersion": 1.6,
      "position": [
        500,
        280
      ]
    },
    {
      "parameters": {
        "chatId": "={{ $('Telegram Trigger').item.json.message.chat.id }}",
        "text": "={{ $json.output }}",
        "additionalFields": {}
      },
      "id": "1af1550b-2917-48a1-b75c-d555a0c63747",
      "name": "Telegram",
      "type": "n8n-nodes-base.telegram",
      "typeVersion": 1.2,
      "position": [
        960,
        280
      ],
      "credentials": {
        "telegramApi": {
          "id": "DZrS2BDEhLZbZWa9",
          "name": "Telegram account"
        }
      }
    }
  ],
  "pinData": {},
  "connections": {
    "OpenAI Chat Model": {
      "ai_languageModel": [
        [
          {
            "node": "AI Agent",
            "type": "ai_languageModel",
            "index": 0
          }
        ]
      ]
    },
    "Telegram Trigger": {
      "main": [
        [
          {
            "node": "AI Agent",
            "type": "main",
            "index": 0
          }
        ]
      ]
    },
    "AI Agent": {
      "main": [
        [
          {
            "node": "Telegram",
            "type": "main",
            "index": 0
          }
        ]
      ]
    }
  },
  "active": false,
  "settings": {
    "executionOrder": "v1"
  },
  "versionId": "d80aadaf-39cb-459b-9d3b-da94139fb096",
  "meta": {
    "templateCredsSetupCompleted": true,
    "instanceId": "a3e44b42dfee29ebe046cf564c04d1bdb8a047c8143a086827bec7319156691d"
  },
  "id": "VOxGr2yGjOm8uf4E",
  "tags": []
}