{
  "name": "WhataappBot-z-api.io/",
  "nodes": [
    {
      "parameters": {
        "method": "POST",
        "url": "https://api.z-api.io/instances/3D33490791B9D0B5CC1072B70F2FFCF9/token/129851910227B87771B81C42/send-text",
        "sendHeaders": true,
        "headerParameters": {
          "parameters": [
            {
              "name": "Client-Token",
              "value": "F05f5166334f4487bb2764799664ce9dcS"
            }
          ]
        },
        "sendBody": true,
        "bodyParameters": {
          "parameters": [
            {
              "name": "zaapId",
              "value": "={{ $json.conversation_id }}"
            },
            {
              "name": "messageId",
              "value": "={{ $json.message_id }}"
            },
            {
              "name": "phone",
              "value": "={{ $('webhook-a-api').item.json.body.phone }}"
            },
            {
              "name": "message",
              "value": "={{ $json.answer }}"
            }
          ]
        },
        "options": {}
      },
      "id": "7ddf74dc-2278-4ef1-ad7f-c2f1fb9a16b2",
      "name": "HTTP - app.z-api.io/",
      "type": "n8n-nodes-base.httpRequest",
      "typeVersion": 4.2,
      "position": [
        660,
        180
      ]
    },
    {
      "parameters": {
        "method": "POST",
        "url": "https://api.dify.ai/v1/chat-messages",
        "authentication": "genericCredentialType",
        "genericAuthType": "httpHeaderAuth",
        "sendBody": true,
        "bodyParameters": {
          "parameters": [
            {
              "name": "message",
              "value": "={{ $('webhook-a-api').item.json.body.text.message.replace(\"\",\"\") }}"
            },
            {
              "name": "=user",
              "value": "= {{ $('webhook-a-api').item.json.body.chatName }}"
            },
            {
              "name": "inputs"
            },
            {
              "name": "query",
              "value": "={{ $('webhook-a-api').item.json.body.text.message.replace(\"\",\"\") }}"
            }
          ]
        },
        "options": {}
      },
      "id": "08de4bdf-845b-4191-b870-c179e77396e5",
      "name": "HTTP Request -> Dify",
      "type": "n8n-nodes-base.httpRequest",
      "typeVersion": 4.2,
      "position": [
        320,
        180
      ],
      "credentials": {
        "httpHeaderAuth": {
          "id": "hZ9EGMTgq3j2s8kz",
          "name": "Header Auth account"
        }
      }
    },
    {
      "parameters": {
        "conditions": {
          "options": {
            "caseSensitive": true,
            "leftValue": "",
            "typeValidation": "strict"
          },
          "conditions": [
            {
              "id": "50264c2b-dead-4ef9-8e92-4f12abb187ba",
              "leftValue": "={{ $json.body.isGroup }}",
              "rightValue": "",
              "operator": {
                "type": "boolean",
                "operation": "true",
                "singleValue": true
              }
            }
          ],
          "combinator": "and"
        },
        "options": {}
      },
      "id": "fdb0c6d3-8779-4fe0-b9cd-03728202d30a",
      "name": "If - grupos = true",
      "type": "n8n-nodes-base.if",
      "typeVersion": 2,
      "position": [
        320,
        -120
      ]
    },
    {
      "parameters": {
        "httpMethod": "POST",
        "path": "zapi",
        "options": {}
      },
      "name": "webhook-a-api",
      "type": "n8n-nodes-base.webhook",
      "typeVersion": 1,
      "position": [
        20,
        -120
      ],
      "webhookId": "e73970bb-fc00-446c-8edd-f51580e1beda",
      "id": "eeffec1c-593d-453a-b97f-2c7749d933dc"
    }
  ],
  "pinData": {},
  "connections": {
    "HTTP Request -> Dify": {
      "main": [
        [
          {
            "node": "HTTP - app.z-api.io/",
            "type": "main",
            "index": 0
          }
        ]
      ]
    },
    "If - grupos = true": {
      "main": [
        [],
        [
          {
            "node": "HTTP Request -> Dify",
            "type": "main",
            "index": 0
          }
        ]
      ]
    },
    "webhook-a-api": {
      "main": [
        [
          {
            "node": "If - grupos = true",
            "type": "main",
            "index": 0
          }
        ]
      ]
    }
  },
  "active": true,
  "settings": {
    "executionOrder": "v1"
  },
  "versionId": "bc2539ba-8c49-4fd6-a6ba-748ff8599792",
  "meta": {
    "templateCredsSetupCompleted": true,
    "instanceId": "a3e44b42dfee29ebe046cf564c04d1bdb8a047c8143a086827bec7319156691d"
  },
  "id": "ueCnW8L4LOi2Ep9q",
  "tags": []
}